ID_Liga;ID_Equipa;contestant_id;Codigo;Normalizado_FBref;Normalizado_Transfermarkt;Normalizado_Eventing;Original_FBref;Original_Transfermarkt;Original_Eventing;Link_FBref;Link_Transfermarkt;Link_Capology
37;1;6vyr13j6kbwdtxjwm1m4m8nu2;AND;anderlecht;rsc_anderlecht;rsc_anderlecht;Anderlecht;RSC Anderlecht;RSC Anderlecht;"https://fbref.com/en/squads/08ad393c/Anderlecht-Stats;;;;;;;;";https://www.transfermarkt.com/rsc-anderlecht/startseite/verein/58/saison_id/2024;https://www.capology.com/club/anderlecht/salaries/
37;2;7zibyotq1x1hq6pmgibhr0e6s;ANT;antwerp;royal_antwerp_fc;royal_antwerp_fc;Antwerp;Royal Antwerp FC;Royal Antwerp FC;"https://fbref.com/en/squads/c2e6b53b/Antwerp-Stats;;;;;;;;";https://www.transfermarkt.com/royal-antwerpen-fc/startseite/verein/1096/saison_id/2024;https://www.capology.com/club/royal-antwerp/salaries/
37;3;cyrrlv6l1onld5x247w1q1jlr;BEE;beerschot;beerschot_va;koninklijke_beerschot_va;Beerschot;Beerschot VA;Koninklijke Beerschot VA;"https://fbref.com/en/squads/c16e44ce/Beerschot-Wilrijk-Stats;;;;;;;;";https://www.transfermarkt.com/beerschot-v-a-/startseite/verein/41274/saison_id/2024;https://www.capology.com/club/beerschot-va/salaries/
37;4;3ix9om1svhd6obl0mbk1otgop;CER;cercle_brugge;cercle_brugge;cercle_brugge_ksv;Cercle Brugge;Cercle Brugge;Cercle Brugge KSV;"https://fbref.com/en/squads/e8d2adc4/Cercle-Brugge-Stats;;;;;;;;";https://www.transfermarkt.com/cercle-brugge/startseite/verein/520/saison_id/2024;https://www.capology.com/club/cercle-brugges/salaries/
37;5;920raeoumft3q2wmvc296uceo;CHA;charleroi;r_charleroi_sc;royal_charleroi_sc;Charleroi;R Charleroi SC;Royal Charleroi SC;"https://fbref.com/en/squads/140e320a/Charleroi-Stats;;;;;;;;";https://www.transfermarkt.com/rsc-charleroi/startseite/verein/172/saison_id/2024;https://www.capology.com/club/charleroi/salaries/
37;6;1oyb7oym5nwzny8vxf03szd2h;CLU;club_brugge;club_brugge_kv;club_brugge_kv;Club Brugge;Club Brugge KV;Club Brugge KV;"https://fbref.com/en/squads/f1e6c5f1/Club-Brugge-Stats;;;;;;;;";https://www.transfermarkt.com/fc-brugge/startseite/verein/2282/saison_id/2024;https://www.capology.com/club/club-brugges/salaries/
37;7;4dtif7outbuivua8umbwegoo5;DEN;dender;fcv_dender_eh;fc_verbroedering_dender_eendracht_hekelgem;Dender;FCV Dender EH;FC Verbroedering Dender Eendracht Hekelgem;"https://fbref.com/en/squads/868afa3f/Dender-Stats;;;;;;;;";https://www.transfermarkt.com/fcv-dender-eh/startseite/verein/9010/saison_id/2024;https://www.capology.com/club/dender/salaries/
37;8;89xivtxk59uzvhdsd6miao6tm;GNK;genk;krc_genk;krc_genk;Genk;KRC Genk;KRC Genk;"https://fbref.com/en/squads/1e972a99/Genk-Stats;;;;;;;;";https://www.transfermarkt.com/krc-genk/startseite/verein/1184/saison_id/2024;https://www.capology.com/club/genk/salaries/
37;9;8y3iucyxguipljcmf87a11bk9;GNT;gent;kaa_gent;kaa_gent;Gent;KAA Gent;KAA Gent;"https://fbref.com/en/squads/51e5a603/Gent-Stats;;;;;;;;";https://www.transfermarkt.com/kaa-gent/startseite/verein/157/saison_id/2024;https://www.capology.com/club/gent/salaries/
37;10;1uk609mhtsfhokhaewjapb26;KVK;kortrijk;kv_kortrijk;kv_kortrijk;Kortrijk;KV Kortrijk;KV Kortrijk;"https://fbref.com/en/squads/77193015/Kortrijk-Stats;;;;;;;;";https://www.transfermarkt.com/kv-kortrijk/startseite/verein/601/saison_id/2024;https://www.capology.com/club/kortrijk/salaries/
37;11;b7jmo07lqav0wfe2mtlzyspak;KVM;mechelen;kv_mechelen;kv_mechelen;Mechelen;KV Mechelen;KV Mechelen;"https://fbref.com/en/squads/09f00144/Mechelen-Stats;;;;;;;;";https://www.transfermarkt.com/kv-mechelen/startseite/verein/354/saison_id/2024;https://www.capology.com/club/mechelen/salaries/
37;12;bw9wm8pqfzcchumhiwdt2w15c;OHL;oh_leuven;oud-heverlee_leuven;oud-heverlee_leuven;OH Leuven;Oud-Heverlee Leuven;Oud-Heverlee Leuven;"https://fbref.com/en/squads/27e981a3/OH-Leuven-Stats;;;;;;;;";https://www.transfermarkt.com/oud-heverlee-leuven/startseite/verein/2727/saison_id/2024;https://www.capology.com/club/leuven/salaries/
37;13;2989v3kho9h5jaboe1nr7lx21;STV;sint-truiden;sint-truidense_vv;sint-truidense_vv;Sint-Truiden;Sint-Truidense VV;Sint-Truidense VV;"https://fbref.com/en/squads/80328a1e/Sint-Truiden-Stats;;;;;;;;";https://www.transfermarkt.com/vv-st-truiden/startseite/verein/475/saison_id/2024;https://www.capology.com/club/sint-truidense/salaries/
37;14;5z1b7fuvpqe6vnigvopomvecu;STA;standard_liege;standard_liege;royal_standard_de_liege;Standard Liège;Standard Liège;Royal Standard de Liège;"https://fbref.com/en/squads/33c6b26e/Standard-Liege-Stats;;;;;;;;";https://www.transfermarkt.com/standard-luttich/startseite/verein/3057/saison_id/2024;https://www.capology.com/club/standard-liege/salaries/
37;15;ecj1gmc7pqcjo4sc9hvghj5u3;STG;union_sg;union_saint-gilloise;royale_union_saint-gilloise;Union SG;Union Saint-Gilloise;Royale Union Saint-Gilloise;"https://fbref.com/en/squads/e14f61a5/Union-SG-Stats;;;;;;;;";https://www.transfermarkt.com/royale-union-saint-gilloise/startseite/verein/3948/saison_id/2024;https://www.capology.com/club/union-sg/salaries/
37;16;2nhn3ikl1ciq34w3hcp883d6p;WES;westerlo;kvc_westerlo;kvc_westerlo;Westerlo;KVC Westerlo;KVC Westerlo;"https://fbref.com/en/squads/57b6cfb8/Westerlo-Stats;;;;;;;;";https://www.transfermarkt.com/kvc-westerlo/startseite/verein/968/saison_id/2024;https://www.capology.com/club/westerlo/salaries/
10;65;ep3im6aygoatju4u3ws8v3mog;BLA;blackburn;blackburn_rovers;blackburn_rovers_fc;Blackburn;Blackburn Rovers;Blackburn Rovers FC;"https://fbref.com/en/squads/e090f40b/Blackburn-Rovers-Stats;;;;;;;;";https://www.transfermarkt.com/blackburn-rovers/startseite/verein/164/saison_id/2024;https://www.capology.com/club/blackburn/salaries/
10;66;c5485h5qulh4l0k0py5b9xug1;BRC;bristol_city;bristol_city;bristol_city_fc;Bristol City;Bristol City;Bristol City FC;"https://fbref.com/en/squads/93493607/Bristol-City-Stats;;;;;;;;";https://www.transfermarkt.com/bristol-city/startseite/verein/698/saison_id/2024;https://www.capology.com/club/bristol/salaries/
10;67;64bxxwu2mv2qqlv0monbkj1om;BUR;burnley;burnley_fc;burnley_fc;Burnley;Burnley FC;Burnley FC;"https://fbref.com/en/squads/943e8050/Burnley-Stats;;;;;;;;";https://www.transfermarkt.com/fc-burnley/startseite/verein/1132/saison_id/2024;https://www.capology.com/club/burnley/salaries/
10;68;3ash57c0q2tgok6gvzbsta93;CAR;cardiff_city;cardiff_city;cardiff_city_fc;Cardiff City;Cardiff City;Cardiff City FC;"https://fbref.com/en/squads/75fae011/Cardiff-City-Stats;;;;;;;;";https://www.transfermarkt.com/cardiff-city/startseite/verein/603/saison_id/2024;https://www.capology.com/club/cardiff/salaries/
10;69;dacoc20k0n3fxu4zek8wufmko;COV;coventry_city;coventry_city;coventry_city_fc;Coventry City;Coventry City;Coventry City FC;"https://fbref.com/en/squads/f7e3dfe9/Coventry-City-Stats;;;;;;;;";https://www.transfermarkt.com/coventry-city/startseite/verein/990/saison_id/2024;https://www.capology.com/club/coventry/salaries/
10;70;3ptd7zlc5isrongig0wij2id4;DER;derby_county;derby_county;derby_county_fc;Derby County;Derby County;Derby County FC;"https://fbref.com/en/squads/26ab47ee/Derby-County-Stats;;;;;;;;";https://www.transfermarkt.com/derby-county/startseite/verein/22/saison_id/2024;https://www.capology.com/club/derby-county/salaries/
10;71;f0figafm2v9h8ofo6slajj7xf;HUL;hull_city;hull_city;hull_city_afc;Hull City;Hull City;Hull City AFC;"https://fbref.com/en/squads/bd8769d1/Hull-City-Stats;;;;;;;;";https://www.transfermarkt.com/hull-city/startseite/verein/3008/saison_id/2024;https://www.capology.com/club/hull-city/salaries/
10;72;48gk2hpqtsl6p9sx9kjhaydq4;LEE;leeds_united;leeds_united;leeds_united_fc;Leeds United;Leeds United;Leeds United FC;"https://fbref.com/en/squads/5bfb9659/Leeds-United-Stats;;;;;;;;";https://www.transfermarkt.com/leeds-united/startseite/verein/399/saison_id/2024;https://www.capology.com/club/leeds/salaries/
10;73;aksa492u5hf93giwcn2zt1nzz;LUT;luton_town;luton_town;luton_town_fc;Luton Town;Luton Town;Luton Town FC;"https://fbref.com/en/squads/e297cd13/Luton-Town-Stats;;;;;;;;";https://www.transfermarkt.com/luton-town/startseite/verein/1031/saison_id/2024;https://www.capology.com/club/luton-town/salaries/
10;74;cq0jd5ztepqjjeikk5trb15vr;MID;middlesbrough;middlesbrough_fc;middlesbrough_fc;Middlesbrough;Middlesbrough FC;Middlesbrough FC;"https://fbref.com/en/squads/7f59c601/Middlesbrough-Stats;;;;;;;;";https://www.transfermarkt.com/fc-middlesbrough/startseite/verein/641/saison_id/2024;https://www.capology.com/club/middlesbrough/salaries/
10;75;40d2qd8lr1tgsvmg5l1fzaf4o;MIL;millwall;millwall_fc;millwall_fc;Millwall;Millwall FC;Millwall FC;"https://fbref.com/en/squads/e3c537a1/Millwall-Stats;;;;;;;;";https://www.transfermarkt.com/fc-millwall/startseite/verein/1028/saison_id/2024;https://www.capology.com/club/millwall/salaries/
10;76;suz80crpy3anixyzccmu6jzp;NOR;norwich_city;norwich_city;norwich_city_fc;Norwich City;Norwich City;Norwich City FC;"https://fbref.com/en/squads/1c781004/Norwich-City-Stats;;;;;;;;";https://www.transfermarkt.com/norwich-city/startseite/verein/1123/saison_id/2024;https://www.capology.com/club/norwich/salaries/
10;77;ahm0t06rup1bkd9z0mxl2lmph;OXF;oxford_united;oxford_united;oxford_united_fc;Oxford United;Oxford United;Oxford United FC;"https://fbref.com/en/squads/604617a2/Oxford-United-Stats;;;;;;;;";https://www.transfermarkt.com/oxford-united/startseite/verein/988/saison_id/2024;https://www.capology.com/club/oxford/salaries/
10;78;5g1fnexeromjl0lvnxp8hpnhi;PLY;plymouth_argyle;plymouth_argyle;plymouth_argyle_fc;Plymouth Argyle;Plymouth Argyle;Plymouth Argyle FC;"https://fbref.com/en/squads/32a1480e/Plymouth-Argyle-Stats;;;;;;;;";https://www.transfermarkt.com/plymouth-argyle/startseite/verein/2262/saison_id/2024;https://www.capology.com/club/plymouth/salaries/
10;79;80jtkz2echk6yyyb9e2595cxr;POR;portsmouth;portsmouth_fc;portsmouth_fc;Portsmouth;Portsmouth FC;Portsmouth FC;"https://fbref.com/en/squads/76ffc013/Portsmouth-Stats;;;;;;;;";https://www.transfermarkt.com/fc-portsmouth/startseite/verein/1020/saison_id/2024;https://www.capology.com/club/portsmouth/salaries/
10;80;5kq4izdz28qjaxoa6ujclwghj;PNE;preston;preston_north_end;preston_north_end_fc;Preston;Preston North End;Preston North End FC;"https://fbref.com/en/squads/22df8478/Preston-North-End-Stats;;;;;;;;";https://www.transfermarkt.com/preston-north-end/startseite/verein/466/saison_id/2024;https://www.capology.com/club/preston/salaries/
10;81;72nmbktwvcj3wizfp37yjf0dp;QPR;qpr;queens_park_rangers;queens_park_rangers_fc;QPR;Queens Park Rangers;Queens Park Rangers FC;"https://fbref.com/en/squads/a757999c/Queens-Park-Rangers-Stats;;;;;;;;";https://www.transfermarkt.com/queens-park-rangers/startseite/verein/1039/saison_id/2024;https://www.capology.com/club/qpr/salaries/
10;82;bws31egwjda253q9lvykgnivo;SHU;sheffield_utd;sheffield_united;sheffield_united_fc;Sheffield Utd;Sheffield United;Sheffield United FC;"https://fbref.com/en/squads/1df6b87e/Sheffield-United-Stats;;;;;;;;";https://www.transfermarkt.com/sheffield-united/startseite/verein/350/saison_id/2024;https://www.capology.com/club/sheffield-united/salaries/
10;83;1musyruv2ufjrjnj6gvdbr8kt;SHW;sheffield_weds;sheffield_wednesday;sheffield_wednesday_fc;Sheffield Weds;Sheffield Wednesday;Sheffield Wednesday FC;"https://fbref.com/en/squads/bba7d733/Sheffield-Wednesday-Stats;;;;;;;;";https://www.transfermarkt.com/sheffield-wednesday/startseite/verein/1035/saison_id/2024;https://www.capology.com/club/sheffield-wednesday/salaries/
10;84;4qioq44vcv619vnyy2rpovk4e;STO;stoke_city;stoke_city;stoke_city_fc;Stoke City;Stoke City;Stoke City FC;"https://fbref.com/en/squads/17892952/Stoke-City-Stats;;;;;;;;";https://www.transfermarkt.com/stoke-city/startseite/verein/512/saison_id/2024;https://www.capology.com/club/stoke-city/salaries/
10;85;1r3545b2dzan8yqa80gtmcjch;SUN;sunderland;sunderland_afc;sunderland_afc;Sunderland;Sunderland AFC;Sunderland AFC;"https://fbref.com/en/squads/8ef52968/Sunderland-Stats;;;;;;;;";https://www.transfermarkt.com/afc-sunderland/startseite/verein/289/saison_id/2024;https://www.capology.com/club/sunderland/salaries/
10;86;410jti6axb01yhvbc0axsp8li;SWA;swansea_city;swansea_city;swansea_city_afc;Swansea City;Swansea City;Swansea City AFC;"https://fbref.com/en/squads/fb10988f/Swansea-City-Stats;;;;;;;;";https://www.transfermarkt.com/swansea-city/startseite/verein/2288/saison_id/2024;https://www.capology.com/club/swansea/salaries/
10;87;4t83rqbdbekinxl5fz2ygsyta;WAT;watford;watford_fc;watford_fc;Watford;Watford FC;Watford FC;"https://fbref.com/en/squads/2abfe087/Watford-Stats;;;;;;;;";https://www.transfermarkt.com/fc-watford/startseite/verein/1010/saison_id/2024;https://www.capology.com/club/watford/salaries/
10;88;d1lhefp805y0rcbjqkpu4fq0n;WBA;west_brom;west_bromwich_albion;west_bromwich_albion_fc;West Brom;West Bromwich Albion;West Bromwich Albion FC;"https://fbref.com/en/squads/60c6b05f/West-Bromwich-Albion-Stats;;;;;;;;";https://www.transfermarkt.com/west-bromwich-albion/startseite/verein/984/saison_id/2024;https://www.capology.com/club/west-bromwich/salaries/
23;109;d0zdg647gvgc95xdtk1vpbkys;AJX;ajax;ajax_amsterdam;afc_ajax;Ajax;Ajax Amsterdam;AFC Ajax;"https://fbref.com/en/squads/19c3f8c4/Ajax-Stats;;;;;;;;";https://www.transfermarkt.com/ajax-amsterdam/startseite/verein/610/saison_id/2024;https://www.capology.com/club/ajax/salaries/
23;110;1fttb31hnskynpku8qd09yhm8;ALM;almere_city;almere_city_fc;almere_city_fc;Almere City;Almere City FC;Almere City FC;"https://fbref.com/en/squads/2b41acb5/Almere-City-Stats;;;;;;;;";https://www.transfermarkt.com/almere-city-fc/startseite/verein/723/saison_id/2024;https://www.capology.com/club/almere/salaries/
23;111;3kfktv64h7kg7zryax1wktr5r;AZ;az_alkmaar;az_alkmaar;alkmaar_zaanstreek;AZ Alkmaar;AZ Alkmaar;Alkmaar Zaanstreek;"https://fbref.com/en/squads/3986b791/AZ-Alkmaar-Stats;;;;;;;;";https://www.transfermarkt.com/az-alkmaar/startseite/verein/1090/saison_id/2024;https://www.capology.com/club/az-alkmaar/salaries/
23;112;20vymiy7bo8wkyxai3ew494fz;FEY;feyenoord;feyenoord_rotterdam;feyenoord_rotterdam;Feyenoord;Feyenoord Rotterdam;Feyenoord Rotterdam;"https://fbref.com/en/squads/fb4ca611/Feyenoord-Stats;;;;;;;;";https://www.transfermarkt.com/feyenoord-rotterdam/startseite/verein/234/saison_id/2024;https://www.capology.com/club/feyenoord/salaries/
23;113;3ebril33e08ddzob4bhq8awsr;FOR;fortuna_sittard;fortuna_sittard;fortuna_sittard;Fortuna Sittard;Fortuna Sittard;Fortuna Sittard;"https://fbref.com/en/squads/bd08295c/Fortuna-Sittard-Stats;;;;;;;;";https://www.transfermarkt.com/fortuna-sittard/startseite/verein/385/saison_id/2024;https://www.capology.com/club/fortuna-sittard/salaries/
23;114;b79uipsy57y1jqpy07h4i5ovk;GAE;go_ahead_eag;go_ahead_eagles;go_ahead_eagles;Go Ahead Eag;Go Ahead Eagles;Go Ahead Eagles;"https://fbref.com/en/squads/e33d6108/Go-Ahead-Eagles-Stats;;;;;;;;";https://www.transfermarkt.com/go-ahead-eagles-deventer/startseite/verein/1435/saison_id/2024;https://www.capology.com/club/go-ahead-eagles/salaries/
23;115;cos9hxi16eitbcbthof7zrm4m;GRO;groningen;fc_groningen;fc_groningen;Groningen;FC Groningen;FC Groningen;"https://fbref.com/en/squads/bec05adb/Groningen-Stats;;;;;;;;";https://www.transfermarkt.com/fc-groningen/startseite/verein/202/saison_id/2024;https://www.capology.com/club/groningen/salaries/
23;116;4vd2t5schmvvufrfib7f2vjdf;HEE;heerenveen;sc_heerenveen;sc_heerenveen;Heerenveen;SC Heerenveen;SC Heerenveen;"https://fbref.com/en/squads/193ff7aa/Heerenveen-Stats;;;;;;;;";https://www.transfermarkt.com/sc-heerenveen/startseite/verein/306/saison_id/2024;https://www.capology.com/club/heerenveen/salaries/
23;117;dac758ef858jbq7pcb3gfwite;HER;heracles_almelo;heracles_almelo;heracles_almelo;Heracles Almelo;Heracles Almelo;Heracles Almelo;"https://fbref.com/en/squads/c882b88e/Heracles-Almelo-Stats;;;;;;;;";https://www.transfermarkt.com/heracles-almelo/startseite/verein/1304/saison_id/2024;https://www.capology.com/club/heracles/salaries/
23;118;59t7flioj4w4mpwnrwbm0m8ck;NAC;nac_breda;nac_breda;nac_breda;NAC Breda;NAC Breda;NAC Breda;"https://fbref.com/en/squads/8ed04be8/NAC-Breda-Stats;;;;;;;;";https://www.transfermarkt.com/nac-breda/startseite/verein/132/saison_id/2024;https://www.capology.com/club/nac-breda/salaries/
23;119;8iawijq7s9s6d85mjz8wdslki;NEC;nec_nijmegen;nec_nijmegen;nijmegen_eendracht_combinatie;NEC Nijmegen;NEC Nijmegen;Nijmegen Eendracht Combinatie;"https://fbref.com/en/squads/fc629994/NEC-Nijmegen-Stats;;;;;;;;";https://www.transfermarkt.com/nec-nijmegen/startseite/verein/467/saison_id/2024;https://www.capology.com/club/nec-nijmegen/salaries/
23;120;24fvcruwqrqvqa3aonf8c3zuy;PSV;psv_eindhoven;psv_eindhoven;psv_eindhoven;PSV Eindhoven;PSV Eindhoven;PSV Eindhoven;"https://fbref.com/en/squads/e334d850/PSV-Eindhoven-Stats;;;;;;;;";https://www.transfermarkt.com/psv-eindhoven/startseite/verein/383/saison_id/2024;https://www.capology.com/club/psv/salaries/
23;121;ed5nwjz5za3oyi20nxzgqivmx;RKC;rkc_waalwijk;rkc_waalwijk;rkc_waalwijk;RKC Waalwijk;RKC Waalwijk;RKC Waalwijk;"https://fbref.com/en/squads/bb14adb3/RKC-Waalwijk-Stats;;;;;;;;";https://www.transfermarkt.com/rkc-waalwijk/startseite/verein/235/saison_id/2024;https://www.capology.com/club/rkc-waalwijk/salaries/
23;122;89w5c6pw7vn0dxypi61tt0g4k;SPA;sparta_rdam;sparta_rotterdam;sparta_rotterdam;Sparta R'dam;Sparta Rotterdam;Sparta Rotterdam;"https://fbref.com/en/squads/146a68ce/Sparta-Rotterdam-Stats;;;;;;;;";https://www.transfermarkt.com/sparta-rotterdam/startseite/verein/468/saison_id/2024;https://www.capology.com/club/sparta-rotterdam/salaries/
23;123;4tic29sox7m39fy1ztgv0jsiq;TWE;twente;twente_enschede_fc;fc_twente;Twente;Twente Enschede FC;FC Twente;"https://fbref.com/en/squads/a1f721d3/Twente-Stats;;;;;;;;";https://www.transfermarkt.com/fc-twente-enschede/startseite/verein/317/saison_id/2024;https://www.capology.com/club/twente/salaries/
23;124;ccpscwdcm65czscrun048ecn5;UTR;utrecht;fc_utrecht;fc_utrecht;Utrecht;FC Utrecht;FC Utrecht;"https://fbref.com/en/squads/2a428619/Utrecht-Stats;;;;;;;;";https://www.transfermarkt.com/fc-utrecht/startseite/verein/200/saison_id/2024;https://www.capology.com/club/utrecht/salaries/
23;125;bk5ltsueqmeng29eovd8m2tml;WIL;willem_ii;willem_ii_tilburg;willem_ii;Willem II;Willem II Tilburg;Willem II;"https://fbref.com/en/squads/f0479d7b/Willem-II-Stats;;;;;;;;";https://www.transfermarkt.com/willem-ii-tilburg/startseite/verein/403/saison_id/2024;https://www.capology.com/club/willem-ii/salaries/
23;126;2uuh2bir8ktof0uxfo06lb4ox;ZWO;zwolle;pec_zwolle;pec_zwolle;Zwolle;PEC Zwolle;PEC Zwolle;"https://fbref.com/en/squads/e3db180b/Zwolle-Stats;;;;;;;;";https://www.transfermarkt.com/pec-zwolle/startseite/verein/1269/saison_id/2024;https://www.capology.com/club/pec-zwolle/salaries/
17;127;13zq8jfp5uydowd3ibknxaffj;ALB;albacete;albacete_balompie;albacete_balompie;Albacete;Albacete Balompié;Albacete Balompié;"https://fbref.com/en/squads/b7e3e46e/Albacete-Stats;;;;;;;;";https://www.transfermarkt.com/albacete-balompie/startseite/verein/1532/saison_id/2024;https://www.capology.com/club/albacete/salaries/
17;128;cobffe32r7g4skka9m19qib63;ALM;almeria;ud_almeria;ud_almeria;Almería;UD Almería;UD Almería;"https://fbref.com/en/squads/78ecf4bb/Almeria-Stats;;;;;;;;";https://www.transfermarkt.com/ud-almeria/startseite/verein/3302/saison_id/2024;https://www.capology.com/club/almeria/salaries/
17;129;9dh08biovdh6rzklzlf3zvezi;BUR;burgos;burgos_cf;burgos_cf;Burgos;Burgos CF;Burgos CF;"https://fbref.com/en/squads/d9fac124/Burgos-Stats;;;;;;;;";https://www.transfermarkt.com/burgos-cf/startseite/verein/1536/saison_id/2024;https://www.capology.com/club/burgos/salaries/
17;130;82q9159y2u7mkfn3z6hy75r4o;CAD;cadiz;cadiz_cf;cadiz_cf;Cádiz;Cádiz CF;Cádiz CF;"https://fbref.com/en/squads/ee7c297c/Cadiz-Stats;;;;;;;;";https://www.transfermarkt.com/fc-cadiz/startseite/verein/2687/saison_id/2024;https://www.capology.com/club/cadiz/salaries/
17;131;5wxu1zqzg59vcv980gd8f946c;CAR;cartagena;fc_cartagena;fc_cartagena;Cartagena;FC Cartagena;FC Cartagena;"https://fbref.com/en/squads/bbd9ac49/Cartagena-Stats;;;;;;;;";https://www.transfermarkt.com/fc-cartagena/startseite/verein/7077/saison_id/2024;https://www.capology.com/club/cartagena/salaries/
17;132;5ziakdomggtzs5xqnb50jpi5o;CAS;castellon;cd_castellon;cd_castellon;Castellón;CD Castellón;CD Castellón;"https://fbref.com/en/squads/9eef2995/Castellon-Stats;;;;;;;;";https://www.transfermarkt.com/cd-castellon/startseite/verein/2502/saison_id/2024;https://www.capology.com/club/castellon/salaries/
17;133;a745ojopc6f75ma1fyfzayono;MIR;cd_mirandes;cd_mirandes;cd_mirandes;CD Mirandés;CD Mirandés;CD Mirandés;"https://fbref.com/en/squads/3640715c/CD-Mirandes-Stats;;;;;;;;";https://www.transfermarkt.com/cd-mirandes/startseite/verein/13222/saison_id/2024;https://www.capology.com/club/mirandes/salaries/
17;134;7tpg5hj5gutjb58m6trjcaika;COR;cordoba;cordoba_cf;cordoba_cf;Córdoba;Córdoba CF;Córdoba CF;"https://fbref.com/en/squads/6009ff35/Cordoba-Stats;;;;;;;;";https://www.transfermarkt.com/fc-cordoba/startseite/verein/993/saison_id/2024;https://www.capology.com/club/cordoba/salaries/
17;135;bjltc68ihd23uu3svnq0o3qrs;EIB;eibar;sd_eibar;sd_eibar;Eibar;SD Eibar;SD Eibar;"https://fbref.com/en/squads/bea5c710/Eibar-Stats;;;;;;;;";https://www.transfermarkt.com/sd-eibar/startseite/verein/1533/saison_id/2024;https://www.capology.com/club/eibar/salaries/
17;136;4yg9ttzw0m51048doksv8uq5r;ELC;elche;elche_cf;elche_cf;Elche;Elche CF;Elche CF;"https://fbref.com/en/squads/6c8b07df/Elche-Stats;;;;;;;;";https://www.transfermarkt.com/fc-elche/startseite/verein/1531/saison_id/2024;https://www.capology.com/club/elche/salaries/
17;137;ba8jyjo18tvjwei7w7thljw10;ELD;eldense;cd_eldense;cd_eldense;Eldense;CD Eldense;CD Eldense;"https://fbref.com/en/squads/fa36ed9b/Eldense-Stats;;;;;;;;";https://www.transfermarkt.com/cd-eldense/startseite/verein/12567/saison_id/2024;https://www.capology.com/club/eldense/salaries/
17;138;26fes5ubaeq0fk1nay2pj2ob2;GRA;granada;granada_cf;granada_cf;Granada;Granada CF;Granada CF;"https://fbref.com/en/squads/a0435291/Granada-Stats;;;;;;;;";https://www.transfermarkt.com/fc-granada/startseite/verein/16795/saison_id/2024;https://www.capology.com/club/granada/salaries/
17;139;egfc4v1d08dgbhkw8gxz85bzr;HUE;huesca;sd_huesca;sd_huesca;Huesca;SD Huesca;SD Huesca;"https://fbref.com/en/squads/c6c493e6/Huesca-Stats;;;;;;;;";https://www.transfermarkt.com/sd-huesca/startseite/verein/5358/saison_id/2024;https://www.capology.com/club/huesca/salaries/
17;140;1r541mega6d838hi0p44sv0h2;DEP;la_coruna;deportivo_de_la_coruna;rc_deportivo_de_la_coruna;La Coruña;Deportivo de La Coruña;RC Deportivo de La Coruña;"https://fbref.com/en/squads/2a60ed82/Deportivo-La-Coruna-Stats;;;;;;;;";https://www.transfermarkt.com/deportivo-la-coruna/startseite/verein/897/saison_id/2024;https://www.capology.com/club/deportivo/salaries/
17;141;4grc9qgcvusllap8h5j6gc5h5;LEV;levante;levante_ud;levante_ud;Levante;Levante UD;Levante UD;"https://fbref.com/en/squads/9800b6a1/Levante-Stats;;;;;;;;";https://www.transfermarkt.com/ud-levante/startseite/verein/3368/saison_id/2024;https://www.capology.com/club/levante/salaries/
17;142;7012hpp3p5vg4fzyn3h0yvf09;MAL;malaga;malaga_cf;malaga_cf;Málaga;Málaga CF;Málaga CF;"https://fbref.com/en/squads/1c896955/Malaga-Stats;;;;;;;;";https://www.transfermarkt.com/fc-malaga/startseite/verein/1084/saison_id/2024;https://www.capology.com/club/malaga/salaries/
17;143;clo928vcczjp0mczavs5o7p5k;OVI;oviedo;real_oviedo;real_oviedo;Oviedo;Real Oviedo;Real Oviedo;"https://fbref.com/en/squads/ab358912/Oviedo-Stats;;;;;;;;";https://www.transfermarkt.com/real-oviedo/startseite/verein/2497/saison_id/2024;https://www.capology.com/club/real-oviedo/salaries/
17;144;9y1gj88sz3xf7em5pd430m59g;FER;racing_ferrol;racing_ferrol;racing_club_de_ferrol;Racing Ferrol;Racing Ferrol;Racing Club de Ferrol;"https://fbref.com/en/squads/962428a8/Racing-Ferrol-Stats;;;;;;;;";https://www.transfermarkt.com/racing-ferrol/startseite/verein/1176/saison_id/2024;https://www.capology.com/club/racing-ferrol/salaries/
17;145;bzkwzatvwahmbzok1ymm5vqa1;RAC;racing_sant;racing_santander;real_racing_club_de_santander;Racing Sant;Racing Santander;Real Racing Club de Santander;"https://fbref.com/en/squads/dee3bbc8/Racing-Santander-Stats;;;;;;;;";https://www.transfermarkt.com/racing-santander/startseite/verein/630/saison_id/2024;https://www.capology.com/club/racing-santander/salaries/
17;146;9wfi6tgumbrnkp72z8zab89kr;SPO;sporting_gijon;sporting_gijon;real_sporting_de_gijon;Sporting Gijón;Sporting Gijón;Real Sporting de Gijón;"https://fbref.com/en/squads/bb9efd50/Sporting-Gijon-Stats;;;;;;;;";https://www.transfermarkt.com/sporting-gijon/startseite/verein/2448/saison_id/2024;https://www.capology.com/club/sporting-gijon/salaries/
17;147;c2v5gyres2yaemc7t3ns323bj;TEN;tenerife;cd_tenerife;cd_tenerife;Tenerife;CD Tenerife;CD Tenerife;"https://fbref.com/en/squads/27cc9c62/Tenerife-Stats;;;;;;;;";https://www.transfermarkt.com/cd-teneriffa/startseite/verein/648/saison_id/2024;https://www.capology.com/club/tenerife/salaries/
17;148;6iwco2hhg7gp3bc9ywku4881k;ZAR;zaragoza;real_zaragoza;real_zaragoza;Zaragoza;Real Zaragoza;Real Zaragoza;"https://fbref.com/en/squads/800303a0/Zaragoza-Stats;;;;;;;;";https://www.transfermarkt.com/real-saragossa/startseite/verein/142/saison_id/2024;https://www.capology.com/club/zaragoza/salaries/
32;149;dich5v7sw466smbqap0d9rbyj;ARO;arouca;fc_arouca;fc_arouca;Arouca;FC Arouca;FC Arouca;"https://fbref.com/en/squads/0d36ddd4/Arouca-Stats;;;;;;;;";https://www.transfermarkt.com/fc-arouca/startseite/verein/8024/saison_id/2024;https://www.capology.com/club/arouca/salaries/
32;150;di8rq9fo3z0bnsx08jljhnnys;AVS;avs_futebol;avs_futebol;avs_futebol;AVS Futebol;Avs Futebol;AVS Futebol;"https://fbref.com/en/squads/e5ce5a65/AVS-Futebol-Stats;;;;;;;;";https://www.transfermarkt.com/avs-futebol-sad/startseite/verein/110302/saison_id/2024;https://www.capology.com/club/avs/salaries/
32;151;9ldqu49smv1xg2va0n2cy28zl;SLB;benfica;sl_benfica;sl_benfica;Benfica;SL Benfica;SL Benfica;"https://fbref.com/en/squads/a77c513e/Benfica-Stats;;;;;;;;";https://www.transfermarkt.com/benfica-lissabon/startseite/verein/294/saison_id/2024;https://www.capology.com/club/benfica/salaries/
32;152;3b4nxgvmwzstmoq6borytkwx1;BOA;boavista;boavista_fc;boavista_fc;Boavista;Boavista FC;Boavista FC;"https://fbref.com/en/squads/37b7e9e2/Boavista-Stats;;;;;;;;";https://www.transfermarkt.com/boavista-porto-fc/startseite/verein/2503/saison_id/2024;https://www.capology.com/club/boavista/salaries/
32;153;26t6lvlpql4w5wu1ih73qpy36;BRA;braga;sc_braga;sporting_braga;Braga;SC Braga;Sporting Braga;"https://fbref.com/en/squads/69d84c29/Braga-Stats;;;;;;;;";https://www.transfermarkt.com/sc-braga/startseite/verein/1075/saison_id/2024;https://www.capology.com/club/braga/salaries/
32;154;ewsf6evtguu9j7k6js4tlgl89;CSP;casa_pia;casa_pia_ac;casa_pia_ac;Casa Pia;Casa Pia AC;Casa Pia AC;"https://fbref.com/en/squads/b20a2b76/Casa-Pia-Stats;;;;;;;;";https://www.transfermarkt.com/casa-pia-ac/startseite/verein/3268/saison_id/2024;https://www.capology.com/club/casa-pia/salaries/
32;155;22mo7qbsnyi8wtucpvhgvhw2q;EST;estoril;estoril_praia;gd_estoril_praia;Estoril;Estoril Praia;GD Estoril Praia;"https://fbref.com/en/squads/00c41b75/Estoril-Stats;;;;;;;;";https://www.transfermarkt.com/gd-estoril-praia/startseite/verein/1465/saison_id/2024;https://www.capology.com/club/estoril/salaries/
32;156;85nuf5511v5omdretfoh0c4k4;EST;estrela;cf_estrela_amadora;club_foot_estrela;Estrela;CF Estrela Amadora;Club Foot Estrela;"https://fbref.com/en/squads/0cb9f756/Estrela-Stats;;;;;;;;";https://www.transfermarkt.com/cf-estrela-amadora-sad/startseite/verein/2431/saison_id/2024;https://www.capology.com/club/estrela-amadora/salaries/
32;157;5c0sf1eaipcxvdw9o22of2jdp;FAM;famalicao;fc_famalicao;fc_famalicao;Famalicão;FC Famalicão;FC Famalicão;"https://fbref.com/en/squads/2de656d5/Famalicao-Stats;;;;;;;;";https://www.transfermarkt.com/fc-famalicao/startseite/verein/3329/saison_id/2024;https://www.capology.com/club/famalicao/salaries/
32;158;4q3s76lhr7sjib1a40ipix0sa;FAR;farense;sc_farense;sc_farense;Farense;SC Farense;SC Farense;"https://fbref.com/en/squads/489c9cd9/Farense-Stats;;;;;;;;";https://www.transfermarkt.com/sc-farense/startseite/verein/4294/saison_id/2024;https://www.capology.com/club/farense/salaries/
32;159;bwt8yfk8rkcwiwyr0mopd7wqd;GIL;gil_vicente_fc;gil_vicente_fc;gil_vicente_fc;Gil Vicente FC;Gil Vicente FC;Gil Vicente FC;"https://fbref.com/en/squads/6a329209/Gil-Vicente-FC-Stats;;;;;;;;";https://www.transfermarkt.com/gil-vicente-fc/startseite/verein/2424/saison_id/2024;https://www.capology.com/club/gil-vicente/salaries/
32;160;4a3yqn3kt1l18oklr7zxo4f1s;MOR;moreirense;moreirense_fc;moreirense_fc;Moreirense;Moreirense FC;Moreirense FC;"https://fbref.com/en/squads/e4502862/Moreirense-Stats;;;;;;;;";https://www.transfermarkt.com/moreirense-fc/startseite/verein/979/saison_id/2024;https://www.capology.com/club/moreirense/salaries/
32;161;99xu9ofwhlbp0lg1j4eiplgrg;NAC;nacional;cd_nacional;cd_nacional;Nacional;CD Nacional;CD Nacional;"https://fbref.com/en/squads/5c9eb756/Nacional-Stats;;;;;;;;";https://www.transfermarkt.com/cd-nacional/startseite/verein/982/saison_id/2024;https://www.capology.com/club/nacional/salaries/
32;162;66bsnl0zjb7l5akwo00h0y5me;POR;porto;fc_porto;fc_porto;Porto;FC Porto;FC Porto;"https://fbref.com/en/squads/5e876ee6/Porto-Stats;;;;;;;;";https://www.transfermarkt.com/fc-porto/startseite/verein/720/saison_id/2024;https://www.capology.com/club/porto/salaries/
32;163;cgvbluoerzbzcr7aaxge3wkcv;RIO;rio_ave;rio_ave_fc;rio_ave_fc;Rio Ave;Rio Ave FC;Rio Ave FC;"https://fbref.com/en/squads/eea856da/Rio-Ave-Stats;;;;;;;;";https://www.transfermarkt.com/rio-ave-fc/startseite/verein/2425/saison_id/2024;https://www.capology.com/club/rio-ave/salaries/
32;164;cmbqc74mshg77ra7mywec2a6b;SCL;santa_clara;cd_santa_clara;cd_santa_clara;Santa Clara;CD Santa Clara;CD Santa Clara;"https://fbref.com/en/squads/f5b64cb1/Santa-Clara-Stats;;;;;;;;";https://www.transfermarkt.com/cd-santa-clara/startseite/verein/2423/saison_id/2024;https://www.capology.com/club/santa-clara/salaries/
32;165;7catg5lpivcmpf4xhggh6d8rk;SCP;sporting_cp;sporting_cp;sporting_clube_de_portugal;Sporting CP;Sporting CP;Sporting Clube de Portugal;"https://fbref.com/en/squads/13dc44fd/Sporting-CP-Stats;;;;;;;;";https://www.transfermarkt.com/sporting-lissabon/startseite/verein/336/saison_id/2024;https://www.capology.com/club/sporting-lisbon/salaries/
32;166;8gvg1ranyf93hprfkwx3ofl2y;VSC;vitoria_sc;vitoria_guimaraes_sc;vitoria_sc_guimaraes;Vitória;Vitória Guimarães SC;Vitória SC Guimarães;"https://fbref.com/en/squads/3f319bc9/Vitoria-Guimaraes-Stats;;;;;;;;";https://www.transfermarkt.com/vitoria-guimaraes-sc/startseite/verein/2420/saison_id/2024;https://www.capology.com/club/vitoria-sc/salaries/
9;167;4dsgumo7d4zupm2ugsvm4zm4d;ARS;arsenal;arsenal_fc;arsenal_fc;Arsenal;Arsenal FC;Arsenal FC;"https://fbref.com/en/squads/18bb7c10/Arsenal-Stats;;;;;;;;";https://www.transfermarkt.com/fc-arsenal/startseite/verein/11/saison_id/2024;https://www.capology.com/club/arsenal/salaries/
9;168;b496gs285it6bheuikox6z9mj;AVL;aston_villa;aston_villa;aston_villa_fc;Aston Villa;Aston Villa;Aston Villa FC;"https://fbref.com/en/squads/8602292d/Aston-Villa-Stats;;;;;;;;";https://www.transfermarkt.com/aston-villa/startseite/verein/405/saison_id/2024;https://www.capology.com/club/aston-villa/salaries/
9;169;1pse9ta7a45pi2w2grjim70ge;BOU;bournemouth;afc_bournemouth;afc_bournemouth;Bournemouth;AFC Bournemouth;AFC Bournemouth;"https://fbref.com/en/squads/4ba7cbea/Bournemouth-Stats;;;;;;;;";https://www.transfermarkt.com/afc-bournemouth/startseite/verein/989/saison_id/2024;https://www.capology.com/club/bournemouth/salaries/
9;170;7yx5dqhhphyvfisohikodajhv;BRE;brentford;brentford_fc;brentford_fc;Brentford;Brentford FC;Brentford FC;"https://fbref.com/en/squads/cd051869/Brentford-Stats;;;;;;;;";https://www.transfermarkt.com/fc-brentford/startseite/verein/1148/saison_id/2024;https://www.capology.com/club/brentford/salaries/
9;171;e5p0ehyguld7egzhiedpdnc3w;BHA;brighton;brighton__hove_albion;brighton__hove_albion_fc;Brighton;Brighton & Hove Albion;Brighton & Hove Albion FC;"https://fbref.com/en/squads/d07537b9/Brighton-and-Hove-Albion-Stats;;;;;;;;";https://www.transfermarkt.com/brighton-amp-hove-albion/startseite/verein/1237/saison_id/2024;https://www.capology.com/club/brighton/salaries/
9;172;9q0arba2kbnywth8bkxlhgmdr;CHE;chelsea;chelsea_fc;chelsea_fc;Chelsea;Chelsea FC;Chelsea FC;"https://fbref.com/en/squads/cff3d9bb/Chelsea-Stats;;;;;;;;";https://www.transfermarkt.com/fc-chelsea/startseite/verein/631/saison_id/2024;https://www.capology.com/club/chelsea/salaries/
9;173;1c8m2ko0wxq1asfkuykurdr0y;CRY;crystal_palace;crystal_palace;crystal_palace_fc;Crystal Palace;Crystal Palace;Crystal Palace FC;"https://fbref.com/en/squads/47c64c55/Crystal-Palace-Stats;;;;;;;;";https://www.transfermarkt.com/crystal-palace/startseite/verein/873/saison_id/2024;https://www.capology.com/club/crystal-palace/salaries/
9;174;ehd2iemqmschhj2ec0vayztzz;EVE;everton;everton_fc;everton_fc;Everton;Everton FC;Everton FC;"https://fbref.com/en/squads/d3fd31cc/Everton-Stats;;;;;;;;";https://www.transfermarkt.com/fc-everton/startseite/verein/29/saison_id/2024;https://www.capology.com/club/everton/salaries/
9;175;hzqh7z0mdl3v7gwete66syxp;FUL;fulham;fulham_fc;fulham_fc;Fulham;Fulham FC;Fulham FC;"https://fbref.com/en/squads/fd962109/Fulham-Stats;;;;;;;;";https://www.transfermarkt.com/fc-fulham/startseite/verein/931/saison_id/2024;https://www.capology.com/club/fulham/salaries/
9;176;8b523ujgl21tbc01me65q0aoh;IPS;ipswich_town;ipswich_town;ipswich_town_fc;Ipswich Town;Ipswich Town;Ipswich Town FC;"https://fbref.com/en/squads/b74092de/Ipswich-Town-Stats;;;;;;;;";https://www.transfermarkt.com/ipswich-town/startseite/verein/677/saison_id/2024;https://www.capology.com/club/ipswich-town/salaries/
9;177;avxknfz4f6ob0rv9dbnxdzde0;LEI;leicester_city;leicester_city;leicester_city_fc;Leicester City;Leicester City;Leicester City FC;"https://fbref.com/en/squads/a2d435b3/Leicester-City-Stats;;;;;;;;";https://www.transfermarkt.com/leicester-city/startseite/verein/1003/saison_id/2024;https://www.capology.com/club/leicester/salaries/
9;178;c8h9bw1l82s06h77xxrelzhur;LIV;liverpool;liverpool_fc;liverpool_fc;Liverpool;Liverpool FC;Liverpool FC;"https://fbref.com/en/squads/822bd0ba/Liverpool-Stats;;;;;;;;";https://www.transfermarkt.com/fc-liverpool/startseite/verein/31/saison_id/2024;https://www.capology.com/club/liverpool/salaries/
9;179;a3nyxabgsqlnqfkeg41m6tnpp;MCI;manchester_city;manchester_city;manchester_city_fc;Manchester City;Manchester City;Manchester City FC;"https://fbref.com/en/squads/b8fd03ef/Manchester-City-Stats;;;;;;;;";https://www.transfermarkt.com/manchester-city/startseite/verein/281/saison_id/2024;https://www.capology.com/club/manchester-city/salaries/
9;180;6eqit8ye8aomdsrrq0hk3v7gh;MUN;manchester_utd;manchester_united;manchester_united_fc;Manchester Utd;Manchester United;Manchester United FC;"https://fbref.com/en/squads/19538871/Manchester-United-Stats;;;;;;;;";https://www.transfermarkt.com/manchester-united/startseite/verein/985/saison_id/2024;https://www.capology.com/club/manchester-united/salaries/
9;181;7vn2i2kd35zuetw6b38gw9jsz;NEW;newcastle_utd;newcastle_united;newcastle_united_fc;Newcastle Utd;Newcastle United;Newcastle United FC;"https://fbref.com/en/squads/b2b47a98/Newcastle-United-Stats;;;;;;;;";https://www.transfermarkt.com/newcastle-united/startseite/verein/762/saison_id/2024;https://www.capology.com/club/newcastle/salaries/
9;182;1qtaiy11gswx327s0vkibf70n;NFO;nottham_forest;nottingham_forest;nottingham_forest_fc;Nott'ham Forest;Nottingham Forest;Nottingham Forest FC;"https://fbref.com/en/squads/e4a775cb/Nottingham-Forest-Stats;;;;;;;;";https://www.transfermarkt.com/nottingham-forest/startseite/verein/703/saison_id/2024;https://www.capology.com/club/nottingham-forest/salaries/
9;183;d5ydtvt96bv7fq04yqm2w2632;SOU;southampton;southampton_fc;southampton_fc;Southampton;Southampton FC;Southampton FC;"https://fbref.com/en/squads/33c895d4/Southampton-Stats;;;;;;;;";https://www.transfermarkt.com/fc-southampton/startseite/verein/180/saison_id/2024;https://www.capology.com/club/southampton/salaries/
9;184;22doj4sgsocqpxw45h607udje;TOT;tottenham;tottenham_hotspur;tottenham_hotspur_fc;Tottenham;Tottenham Hotspur;Tottenham Hotspur FC;"https://fbref.com/en/squads/361ca564/Tottenham-Hotspur-Stats;;;;;;;;";https://www.transfermarkt.com/tottenham-hotspur/startseite/verein/148/saison_id/2024;https://www.capology.com/club/tottenham/salaries/
9;185;4txjdaqveermfryvbfrr4taf7;WHU;west_ham;west_ham_united;west_ham_united_fc;West Ham;West Ham United;West Ham United FC;"https://fbref.com/en/squads/7c21e445/West-Ham-United-Stats;;;;;;;;";https://www.transfermarkt.com/west-ham-united/startseite/verein/379/saison_id/2024;https://www.capology.com/club/west-ham/salaries/
9;186;b9si1jn1lfxfund69e9ogcu2n;WOL;wolves;wolverhampton_wanderers;wolverhampton_wanderers_fc;Wolves;Wolverhampton Wanderers;Wolverhampton Wanderers FC;"https://fbref.com/en/squads/8cec06e1/Wolverhampton-Wanderers-Stats;;;;;;;;";https://www.transfermarkt.com/wolverhampton-wanderers/startseite/verein/543/saison_id/2024;https://www.capology.com/club/wolverhampton/salaries/
12;187;4dtdjgnpdq9uw4sdutti0vaar;ALA;alaves;deportivo_alaves;deportivo_alaves;Alavés;Deportivo Alavés;Deportivo Alavés;"https://fbref.com/en/squads/8d6fd021/Alaves-Stats;;;;;;;;";https://www.transfermarkt.com/deportivo-alaves/startseite/verein/1108/saison_id/2024;https://www.capology.com/club/alaves/salaries/
12;188;3czravw89omgc9o4s0w3l1bg5;ATH;athletic_club;athletic_bilbao;athletic_club_bilbao;Athletic Club;Athletic Bilbao;Athletic Club Bilbao;"https://fbref.com/en/squads/2b390eca/Athletic-Club-Stats;;;;;;;;";https://www.transfermarkt.com/athletic-bilbao/startseite/verein/621/saison_id/2024;https://www.capology.com/club/athletic-club/salaries/
12;189;4ku8o6uf87yd8iecdalipo6wd;ATM;atletico_madrid;atletico_de_madrid;club_atletico_de_madrid;Atlético Madrid;Atlético de Madrid;Club Atlético de Madrid;"https://fbref.com/en/squads/db3b9613/Atletico-Madrid-Stats;;;;;;;;";https://www.transfermarkt.com/atletico-madrid/startseite/verein/13/saison_id/2024;https://www.capology.com/club/atletico-madrid/salaries/
12;190;agh9ifb2mw3ivjusgedj7c3fe;BAR;barcelona;fc_barcelona;fc_barcelona;Barcelona;FC Barcelona;FC Barcelona;"https://fbref.com/en/squads/206d90db/Barcelona-Stats;;;;;;;;";https://www.transfermarkt.com/fc-barcelona/startseite/verein/131/saison_id/2024;https://www.capology.com/club/barcelona/salaries/
12;191;ah8dala7suqqkj04n2l8xz4zd;BET;betis;real_betis_balompie;real_betis_balompie;Betis;Real Betis Balompié;Real Betis Balompié;"https://fbref.com/en/squads/fc536746/Real-Betis-Stats;;;;;;;;";https://www.transfermarkt.com/real-betis-sevilla/startseite/verein/150/saison_id/2024;https://www.capology.com/club/real-betis/salaries/
12;192;6f27yvbqcngegwsg2ozxxdj4;CEL;celta_vigo;celta_de_vigo;real_club_celta_de_vigo;Celta Vigo;Celta de Vigo;Real Club Celta de Vigo;"https://fbref.com/en/squads/f25da7fb/Celta-Vigo-Stats;;;;;;;;";https://www.transfermarkt.com/celta-vigo/startseite/verein/940/saison_id/2024;https://www.capology.com/club/celta-vigo/salaries/
12;193;c8llrezkm3b3op4afrou6b487;ESP;espanyol;rcd_espanyol_barcelona;reial_club_deportiu_espanyol;Espanyol;RCD Espanyol Barcelona;Reial Club Deportiu Espanyol;"https://fbref.com/en/squads/a8661628/Espanyol-Stats;;;;;;;;";https://www.transfermarkt.com/espanyol-barcelona/startseite/verein/714/saison_id/2024;https://www.capology.com/club/espanyol/salaries/
12;194;1n1j0wsl763lq7ee1k0c11c02;GET;getafe;getafe_cf;getafe_cf;Getafe;Getafe CF;Getafe CF;"https://fbref.com/en/squads/7848bd64/Getafe-Stats;;;;;;;;";https://www.transfermarkt.com/fc-getafe/startseite/verein/3709/saison_id/2024;https://www.capology.com/club/getafe/salaries/
12;195;7h7eg7q7dbwvzww78h9d5eh0h;GIR;girona;girona_fc;girona_fc;Girona;Girona FC;Girona FC;"https://fbref.com/en/squads/9024a00a/Girona-Stats;;;;;;;;";https://www.transfermarkt.com/fc-girona/startseite/verein/12321/saison_id/2024;https://www.capology.com/club/girona/salaries/
12;196;1ae3awgwm3i1jds5tfct5441j;LPM;las_palmas;ud_las_palmas;ud_las_palmas;Las Palmas;UD Las Palmas;UD Las Palmas;"https://fbref.com/en/squads/0049d422/Las-Palmas-Stats;;;;;;;;";https://www.transfermarkt.com/ud-las-palmas/startseite/verein/472/saison_id/2024;https://www.capology.com/club/las-palmas/salaries/
12;197;3krm0f4yr1l80j1sd7823f9xn;LEG;leganes;cd_leganes;cd_leganes;Leganés;CD Leganés;CD Leganés;"https://fbref.com/en/squads/7c6f2c78/Leganes-Stats;;;;;;;;";https://www.transfermarkt.com/cd-leganes/startseite/verein/1244/saison_id/2024;https://www.capology.com/club/leganes/salaries/
12;198;50x1m4u58lffhq6v6ga1hbxmy;MLL;mallorca;rcd_mallorca;real_club_deportivo_mallorca;Mallorca;RCD Mallorca;Real Club Deportivo Mallorca;"https://fbref.com/en/squads/2aa12281/Mallorca-Stats;;;;;;;;";https://www.transfermarkt.com/rcd-mallorca/startseite/verein/237/saison_id/2024;https://www.capology.com/club/mallorca/salaries/
12;199;2l0ldgiwsgb8d6y3z0sfgjzyj;OSA;osasuna;ca_osasuna;ca_osasuna;Osasuna;CA Osasuna;CA Osasuna;"https://fbref.com/en/squads/03c57e2b/Osasuna-Stats;;;;;;;;";https://www.transfermarkt.com/ca-osasuna/startseite/verein/331/saison_id/2024;https://www.capology.com/club/osasuna/salaries/
12;200;3budh3j9xivsid3ptm8ptpy4k;RAY;rayo_vallecano;rayo_vallecano;rayo_vallecano;Rayo Vallecano;Rayo Vallecano;Rayo Vallecano;"https://fbref.com/en/squads/98e8af82/Rayo-Vallecano-Stats;;;;;;;;";https://www.transfermarkt.com/rayo-vallecano/startseite/verein/367/saison_id/2024;https://www.capology.com/club/rayo-vallecano/salaries/
12;201;3kq9cckrnlogidldtdie2fkbl;RMA;real_madrid;real_madrid;real_madrid_cf;Real Madrid;Real Madrid;Real Madrid CF;"https://fbref.com/en/squads/53a2f082/Real-Madrid-Stats;;;;;;;;";https://www.transfermarkt.com/real-madrid/startseite/verein/418/saison_id/2024;https://www.capology.com/club/real-madrid/salaries/
12;202;63f5h8t5e9qm1fqmvfkb23ghh;RSO;real_sociedad;real_sociedad;real_sociedad_de_futbol;Real Sociedad;Real Sociedad;Real Sociedad de Fútbol;"https://fbref.com/en/squads/e31d1cd9/Real-Sociedad-Stats;;;;;;;;";https://www.transfermarkt.com/real-sociedad-san-sebastian/startseite/verein/681/saison_id/2024;https://www.capology.com/club/real-sociedad/salaries/
12;203;10eyb18v5puw4ez03ocaug09m;SEV;sevilla;sevilla_fc;sevilla_fc;Sevilla;Sevilla FC;Sevilla FC;"https://fbref.com/en/squads/ad2be733/Sevilla-Stats;;;;;;;;";https://www.transfermarkt.com/fc-sevilla/startseite/verein/368/saison_id/2024;https://www.capology.com/club/sevilla/salaries/
12;204;ba5e91hjacvma2sjvixn00pjo;VAL;valencia;valencia_cf;valencia_cf;Valencia;Valencia CF;Valencia CF;"https://fbref.com/en/squads/dcc91a7b/Valencia-Stats;;;;;;;;";https://www.transfermarkt.com/fc-valencia/startseite/verein/1049/saison_id/2024;https://www.capology.com/club/valencia/salaries/
12;205;4jelr92fsge73q39is6qvhxb3;VLD;valladolid;real_valladolid_cf;real_valladolid_cf;Valladolid;Real Valladolid CF;Real Valladolid CF;"https://fbref.com/en/squads/17859612/Valladolid-Stats;;;;;;;;";https://www.transfermarkt.com/real-valladolid/startseite/verein/366/saison_id/2024;https://www.capology.com/club/valladolid/salaries/
12;206;74mcjsm72vr3l9pw2i4qfjchj;VIL;villarreal;villarreal_cf;villarreal_cf;Villarreal;Villarreal CF;Villarreal CF;"https://fbref.com/en/squads/2a8183b3/Villarreal-Stats;;;;;;;;";https://www.transfermarkt.com/fc-villarreal/startseite/verein/1050/saison_id/2024;https://www.capology.com/club/villarreal/salaries/
20;207;ex3psl8e3ajeypwjy4xfltpx6;FCA;augsburg;fc_augsburg;fc_augsburg;Augsburg;FC Augsburg;FC Augsburg;"https://fbref.com/en/squads/0cdc4311/Augsburg-Stats;;;;;;;;";https://www.transfermarkt.com/fc-augsburg/startseite/verein/167/saison_id/2024;https://www.capology.com/club/augsburg/salaries/
20;208;apoawtpvac4zqlancmvw4nk4o;FCB;bayern_munich;bayern_munich;fc_bayern_munchen;Bayern Munich;Bayern Munich;FC Bayern München;"https://fbref.com/en/squads/054efa67/Bayern-Munich-Stats;;;;;;;;";https://www.transfermarkt.com/fc-bayern-munchen/startseite/verein/27/saison_id/2024;https://www.capology.com/club/bayern-munich/salaries/
20;209;eq1oq6y61xnzq88zu0cnw131z;BOC;bochum;vfl_bochum;vfl_bochum_1848;Bochum;VfL Bochum;VfL Bochum 1848;"https://fbref.com/en/squads/b42c6323/Bochum-Stats;;;;;;;;";https://www.transfermarkt.com/vfl-bochum/startseite/verein/80/saison_id/2024;https://www.capology.com/club/bochum/salaries/
20;210;dt4pinj0vw0t0cvz7za6mhmzy;BVB;dortmund;borussia_dortmund;bv_borussia_09_dortmund;Dortmund;Borussia Dortmund;BV Borussia 09 Dortmund;"https://fbref.com/en/squads/add600ae/Dortmund-Stats;;;;;;;;";https://www.transfermarkt.com/borussia-dortmund/startseite/verein/16/saison_id/2024;https://www.capology.com/club/borussia-dortmund/salaries/
20;211;c5hderjlkcoaze51e5wgvptk;SGE;eint_frankfurt;eintracht_frankfurt;eintracht_frankfurt;Eint Frankfurt;Eintracht Frankfurt;Eintracht Frankfurt;"https://fbref.com/en/squads/f0ac8ee6/Eintracht-Frankfurt-Stats;;;;;;;;";https://www.transfermarkt.com/eintracht-frankfurt/startseite/verein/24/saison_id/2024;https://www.capology.com/club/eintracht-frankfurt/salaries/
20;212;6k5zscdm9ufw0tguvzyjlp5hq;SCF;freiburg;sc_freiburg;sc_freiburg;Freiburg;SC Freiburg;SC Freiburg;"https://fbref.com/en/squads/a486e511/Freiburg-Stats;;;;;;;;";https://www.transfermarkt.com/sc-freiburg/startseite/verein/60/saison_id/2024;https://www.capology.com/club/freiburg/salaries/
20;213;go76xxm0xyfgqt1h6tcrtimm;BMG;gladbach;borussia_monchengladbach;borussia_vfl_monchengladbach;Gladbach;Borussia Mönchengladbach;Borussia VfL Mönchengladbach;"https://fbref.com/en/squads/32f3ee20/Monchengladbach-Stats;;;;;;;;";https://www.transfermarkt.com/borussia-monchengladbach/startseite/verein/18/saison_id/2024;https://www.capology.com/club/monchengladbach/salaries/
20;214;3xcg7xikgrn2x8oa65sopb2is;HDH;heidenheim;1fc_heidenheim_1846;1_fc_heidenheim_1846;Heidenheim;1.FC Heidenheim 1846;1. FC Heidenheim 1846;"https://fbref.com/en/squads/18d9d2a7/Heidenheim-Stats;;;;;;;;";https://www.transfermarkt.com/1-fc-heidenheim-1846/startseite/verein/2036/saison_id/2024;https://www.capology.com/club/heidenheim/salaries/
20;215;4l9mrqzmajz5crzlz50mtbt6x;TSG;hoffenheim;tsg_1899_hoffenheim;tsg_1899_hoffenheim;Hoffenheim;TSG 1899 Hoffenheim;TSG 1899 Hoffenheim;"https://fbref.com/en/squads/033ea6b8/Hoffenheim-Stats;;;;;;;;";https://www.transfermarkt.com/tsg-1899-hoffenheim/startseite/verein/533/saison_id/2024;https://www.capology.com/club/hoffenheim/salaries/
20;216;6zwg0wxjie31da2i4wwh2h4ho;KSV;holstein_kiel;holstein_kiel;kieler_sv_holstein_1900;Holstein Kiel;Holstein Kiel;Kieler SV Holstein 1900;"https://fbref.com/en/squads/2ac661d9/Holstein-Kiel-Stats;;;;;;;;";https://www.transfermarkt.com/holstein-kiel/startseite/verein/269/saison_id/2024;https://www.capology.com/club/holstein-kiel/salaries/
20;217;7ad69ngbpjuyzv96drf8d9sn2;LEV;leverkusen;bayer_04_leverkusen;bayer_04_leverkusen;Leverkusen;Bayer 04 Leverkusen;Bayer 04 Leverkusen;"https://fbref.com/en/squads/c7a9f859/Bayer-Leverkusen-Stats;;;;;;;;";https://www.transfermarkt.com/bayer-04-leverkusen/startseite/verein/15/saison_id/2024;https://www.capology.com/club/bayer-leverkusen/salaries/
20;218;1c7qokc1j5z50cjj4tcu32haa;M05;mainz_05;1fsv_mainz_05;1_fsv_mainz_05;Mainz 05;1.FSV Mainz 05;1. FSV Mainz 05;"https://fbref.com/en/squads/a224b06a/Mainz-05-Stats;;;;;;;;";https://www.transfermarkt.com/1-fsv-mainz-05/startseite/verein/39/saison_id/2024;https://www.capology.com/club/mainz/salaries/
20;219;9gefq4dz9b2hl8rqrxwrlrzmp;RBL;rb_leipzig;rb_leipzig;rasenballsport_leipzig;RB Leipzig;RB Leipzig;RasenBallsport Leipzig;"https://fbref.com/en/squads/acbb6a5b/RB-Leipzig-Stats;;;;;;;;";https://www.transfermarkt.com/rasenballsport-leipzig/startseite/verein/23826/saison_id/2024;https://www.capology.com/club/leipzig/salaries/
20;220;85jtaw5dcxxx1yp8te6axh3p8;STP;st_pauli;fc_st_pauli;fc_st_pauli;St. Pauli;FC St. Pauli;FC St. Pauli;"https://fbref.com/en/squads/54864664/St-Pauli-Stats;;;;;;;;";https://www.transfermarkt.com/fc-st-pauli/startseite/verein/35/saison_id/2024;https://www.capology.com/club/st-pauli/salaries/
20;221;3dwlvz6cl4lcavvrg0y2dycrt;VFB;stuttgart;vfb_stuttgart;vfb_stuttgart_1893;Stuttgart;VfB Stuttgart;VfB Stuttgart 1893;"https://fbref.com/en/squads/598bc722/Stuttgart-Stats;;;;;;;;";https://www.transfermarkt.com/vfb-stuttgart/startseite/verein/79/saison_id/2024;https://www.capology.com/club/stuttgart/salaries/
20;222;a8d2gb2nag8fy0itbuxmcibh2;FCU;union_berlin;1fc_union_berlin;1_fc_union_berlin;Union Berlin;1.FC Union Berlin;1. FC Union Berlin;"https://fbref.com/en/squads/7a41008f/Union-Berlin-Stats;;;;;;;;";https://www.transfermarkt.com/1-fc-union-berlin/startseite/verein/89/saison_id/2024;https://www.capology.com/club/union-berlin/salaries/
20;223;cu0eztmjcsbydyp53aleznorw;SVW;werder_bremen;sv_werder_bremen;sv_werder_bremen;Werder Bremen;SV Werder Bremen;SV Werder Bremen;"https://fbref.com/en/squads/62add3bf/Werder-Bremen-Stats;;;;;;;;";https://www.transfermarkt.com/sv-werder-bremen/startseite/verein/86/saison_id/2024;https://www.capology.com/club/werder-bremen/salaries/
20;224;a8l3w3n0j99qjlsxj3jnmgkz1;WOB;wolfsburg;vfl_wolfsburg;vfl_wolfsburg;Wolfsburg;VfL Wolfsburg;VfL Wolfsburg;"https://fbref.com/en/squads/4eaa11d7/Wolfsburg-Stats;;;;;;;;";https://www.transfermarkt.com/vfl-wolfsburg/startseite/verein/82/saison_id/2024;https://www.capology.com/club/wolfsburg/salaries/
11;225;e75syeuawg3ql8nwpi3vr2btz;ATA;atalanta;atalanta_bc;atalanta_bergamasca_calcio;Atalanta;Atalanta BC;Atalanta Bergamasca Calcio;"https://fbref.com/en/squads/922493f3/Atalanta-Stats;;;;;;;;";https://www.transfermarkt.com/atalanta-bergamo/startseite/verein/800/saison_id/2024;https://www.capology.com/club/atalanta/salaries/
11;226;ej5er0oyngdw138yuumwqbyqt;BOL;bologna;bologna_fc_1909;bologna_fc_1909;Bologna;Bologna FC 1909;Bologna FC 1909;"https://fbref.com/en/squads/1d8099f8/Bologna-Stats;;;;;;;;";https://www.transfermarkt.com/fc-bologna/startseite/verein/1025/saison_id/2024;https://www.capology.com/club/bologna/salaries/
11;227;5rwlg5cfv1hu7yf0ek1zxpzy3;CAG;cagliari;cagliari_calcio;cagliari_calcio;Cagliari;Cagliari Calcio;Cagliari Calcio;"https://fbref.com/en/squads/c4260e09/Cagliari-Stats;;;;;;;;";https://www.transfermarkt.com/cagliari-calcio/startseite/verein/1390/saison_id/2024;https://www.capology.com/club/cagliari/salaries/
11;228;6uzfw7ahyxg4wrrfxo5u7qt0n;COM;como;como_1907;calcio_como_1907;Como;Como 1907;Calcio Como 1907;"https://fbref.com/en/squads/28c9c3cd/Como-Stats;;;;;;;;";https://www.transfermarkt.com/como-1907/startseite/verein/1047/saison_id/2024;https://www.capology.com/club/como/salaries/
11;229;8le3orkfz6iix3jns6g9ojqjg;EMP;empoli;fc_empoli;empoli_fc;Empoli;FC Empoli;Empoli FC;"https://fbref.com/en/squads/a3d88bd8/Empoli-Stats;;;;;;;;";https://www.transfermarkt.com/fc-empoli/startseite/verein/749/saison_id/2024;https://www.capology.com/club/empoli/salaries/
11;230;4raiad4l2j5lkfaz92pk4osb;FIO;fiorentina;acf_fiorentina;acf_fiorentina;Fiorentina;ACF Fiorentina;ACF Fiorentina;"https://fbref.com/en/squads/421387cf/Fiorentina-Stats;;;;;;;;";https://www.transfermarkt.com/ac-florenz/startseite/verein/430/saison_id/2024;https://www.capology.com/club/fiorentina/salaries/
11;231;4kumqzwifv478caxed8zywlh3;GEN;genoa;genoa_cfc;genoa_cfc;Genoa;Genoa CFC;Genoa CFC;"https://fbref.com/en/squads/658bf2de/Genoa-Stats;;;;;;;;";https://www.transfermarkt.com/genua-cfc/startseite/verein/252/saison_id/2024;https://www.capology.com/club/genoa/salaries/
11;232;ap6blbxhq9elm62vw6tutzlwg;VER;hellas_verona;hellas_verona;hellas_verona_fc;Hellas Verona;Hellas Verona;Hellas Verona FC;"https://fbref.com/en/squads/0e72edf2/Hellas-Verona-Stats;;;;;;;;";https://www.transfermarkt.com/hellas-verona/startseite/verein/276/saison_id/2024;https://www.capology.com/club/hellas-verona/salaries/
11;233;3vo5mpj7catp66nrwwqiuhuup;INT;inter;inter_milan;fc_internazionale_milano;Inter;Inter Milan;FC Internazionale Milano;"https://fbref.com/en/squads/d609edc0/Internazionale-Stats;;;;;;;;";https://www.transfermarkt.com/inter-mailand/startseite/verein/46/saison_id/2024;https://www.capology.com/club/inter-milan/salaries/
11;234;bqbbqm98ud8obe45ds9ohgyrd;JUV;juventus;juventus_fc;juventus_fc;Juventus;Juventus FC;Juventus FC;"https://fbref.com/en/squads/e0652b02/Juventus-Stats;;;;;;;;";https://www.transfermarkt.com/juventus-turin/startseite/verein/506/saison_id/2024;https://www.capology.com/club/juventus/salaries/
11;235;btcy9nra9ak4m22ovr2ia6m5v;LAZ;lazio;ss_lazio;ss_lazio;Lazio;SS Lazio;SS Lazio;"https://fbref.com/en/squads/7213da33/Lazio-Stats;;;;;;;;";https://www.transfermarkt.com/lazio-rom/startseite/verein/398/saison_id/2024;https://www.capology.com/club/lazio/salaries/
11;236;bi1fxjrncd0ram0oi7ja1jyuo;LEC;lecce;us_lecce;us_lecce;Lecce;US Lecce;US Lecce;"https://fbref.com/en/squads/ffcbe334/Lecce-Stats;;;;;;;;";https://www.transfermarkt.com/us-lecce/startseite/verein/1005/saison_id/2024;https://www.capology.com/club/lecce/salaries/
11;237;9dntj5dioj5ex52yrgwzxrq9l;MIL;milan;ac_milan;ac_milan;Milan;AC Milan;AC Milan;"https://fbref.com/en/squads/dc56fe14/Milan-Stats;;;;;;;;";https://www.transfermarkt.com/ac-mailand/startseite/verein/5/saison_id/2024;https://www.capology.com/club/ac-milan/salaries/
11;238;67z1gqyiuzpmmb15q5fy7ntc4;MON;monza;ac_monza;ac_monza;Monza;AC Monza;AC Monza;"https://fbref.com/en/squads/21680aa4/Monza-Stats;;;;;;;;";https://www.transfermarkt.com/ac-monza/startseite/verein/2919/saison_id/2024;https://www.capology.com/club/monza/salaries/
11;239;gi0l1habji5hpgar77dl5jqe;NAP;napoli;ssc_napoli;ssc_napoli;Napoli;SSC Napoli;SSC Napoli;"https://fbref.com/en/squads/d48ad4ff/Napoli-Stats;;;;;;;;";https://www.transfermarkt.com/ssc-neapel/startseite/verein/6195/saison_id/2024;https://www.capology.com/club/napoli/salaries/
11;240;5aosfavi55p40c65lkriqnqnl;PAR;parma;parma_calcio_1913;parma_calcio_1913;Parma;Parma Calcio 1913;Parma Calcio 1913;"https://fbref.com/en/squads/eab4234c/Parma-Stats;;;;;;;;";https://www.transfermarkt.com/parma-calcio-1913/startseite/verein/130/saison_id/2024;https://www.capology.com/club/parma/salaries/
11;241;2tk2l9sgktwc9jhzqdd4mpdtb;ROM;roma;as_roma;as_roma;Roma;AS Roma;AS Roma;"https://fbref.com/en/squads/cf74a709/Roma-Stats;;;;;;;;";https://www.transfermarkt.com/as-rom/startseite/verein/12/saison_id/2024;https://www.capology.com/club/roma/salaries/
11;242;7gnly6999wao1xarwct4p8fe9;TOR;torino;torino_fc;torino_fc;Torino;Torino FC;Torino FC;"https://fbref.com/en/squads/105360fe/Torino-Stats;;;;;;;;";https://www.transfermarkt.com/fc-turin/startseite/verein/416/saison_id/2024;https://www.capology.com/club/torino/salaries/
11;243;dxq76zcvnokq07cszdx0i6kve;UDI;udinese;udinese_calcio;udinese_calcio;Udinese;Udinese Calcio;Udinese Calcio;"https://fbref.com/en/squads/04eea015/Udinese-Stats;;;;;;;;";https://www.transfermarkt.com/udinese-calcio/startseite/verein/410/saison_id/2024;https://www.capology.com/club/udinese/salaries/
11;244;565sm63rjm2y7xeae0dcdbtnu;VEN;venezia;venezia_fc;venezia_fc;Venezia;Venezia FC;Venezia FC;"https://fbref.com/en/squads/af5d5982/Venezia-Stats;;;;;;;;";https://www.transfermarkt.com/venezia-fc/startseite/verein/607/saison_id/2024;https://www.capology.com/club/venezia/salaries/
13;245;75qj99fhg5c0ztj2tva5u4uii;SCO;angers;angers_sco;angers_sporting_club_de_louest;Angers;Angers SCO;Angers Sporting Club de l'Ouest;"https://fbref.com/en/squads/69236f98/Angers-Stats;;;;;;;;";https://www.transfermarkt.com/sco-angers/startseite/verein/1420/saison_id/2024;https://www.capology.com/club/angers/salaries/
13;246;9bxav814mkuhueiyivyive82d;AJA;auxerre;aj_auxerre;association_jeunesse_auxerroise;Auxerre;AJ Auxerre;Association Jeunesse Auxerroise;"https://fbref.com/en/squads/5ae09109/Auxerre-Stats;;;;;;;;";https://www.transfermarkt.com/aj-auxerre/startseite/verein/290/saison_id/2024;https://www.capology.com/club/auxerre/salaries/
13;247;3adj8hkws0z1al232bg2h6tk0;BRE;brest;stade_brestois_29;stade_brestois_29;Brest;Stade Brestois 29;Stade Brestois 29;"https://fbref.com/en/squads/fb08dbb3/Brest-Stats;;;;;;;;";https://www.transfermarkt.com/stade-brest-29/startseite/verein/3911/saison_id/2024;https://www.capology.com/club/brest/salaries/
13;248;23pqcgxu1tip265hbe01kszbt;HAC;le_havre;le_havre_ac;le_havre_ac;Le Havre;Le Havre AC;Le Havre AC;"https://fbref.com/en/squads/5c2737db/Le-Havre-Stats;;;;;;;;";https://www.transfermarkt.com/ac-le-havre/startseite/verein/738/saison_id/2024;https://www.capology.com/club/le-havre/salaries/
13;249;3xedluek08t2ka7oypwuullcn;RCL;lens;rc_lens;racing_club_de_lens;Lens;RC Lens;Racing Club de Lens;"https://fbref.com/en/squads/fd4e0f7d/Lens-Stats;;;;;;;;";https://www.transfermarkt.com/rc-lens/startseite/verein/826/saison_id/2024;https://www.capology.com/club/lens/salaries/
13;250;be2k34rut1lz79jxenabttqlc;LIL;lille;losc_lille;lille_osc;Lille;LOSC Lille;Lille OSC;"https://fbref.com/en/squads/cb188c0c/Lille-Stats;;;;;;;;";https://www.transfermarkt.com/losc-lille/startseite/verein/1082/saison_id/2024;https://www.capology.com/club/lille/salaries/
13;251;121le8unjfzug3iu9pgkqa1c7;OL;lyon;olympique_lyon;olympique_lyonnais;Lyon;Olympique Lyon;Olympique Lyonnais;"https://fbref.com/en/squads/d53c0b06/Lyon-Stats;;;;;;;;";https://www.transfermarkt.com/olympique-lyon/startseite/verein/1041/saison_id/2024;https://www.capology.com/club/lyon/salaries/
13;252;27xvwccz8kpmqsefjv2b2sc0o;OM;marseille;olympique_marseille;olympique_de_marseille;Marseille;Olympique Marseille;Olympique de Marseille;"https://fbref.com/en/squads/5725cc7b/Marseille-Stats;;;;;;;;";https://www.transfermarkt.com/olympique-marseille/startseite/verein/244/saison_id/2024;https://www.capology.com/club/marseille/salaries/
13;253;4t4hod56fsj7utpjdor8so5q6;ASM;monaco;as_monaco;as_monaco_fc;Monaco;AS Monaco;AS Monaco FC;"https://fbref.com/en/squads/fd6114db/Monaco-Stats;;;;;;;;";https://www.transfermarkt.com/as-monaco/startseite/verein/162/saison_id/2024;https://www.capology.com/club/monaco/salaries/
13;254;2cjpmotqo8phcqfpgo9xf4gel;MON;montpellier;montpellier_hsc;montpellier_hsc;Montpellier;Montpellier HSC;Montpellier HSC;"https://fbref.com/en/squads/281b0e73/Montpellier-Stats;;;;;;;;";https://www.transfermarkt.com/montpellier-hsc/startseite/verein/969/saison_id/2024;https://www.capology.com/club/montpellier/salaries/
13;255;750ustvk4jfqmo8q4gnrcxy7z;NAN;nantes;fc_nantes;fc_nantes;Nantes;FC Nantes;FC Nantes;"https://fbref.com/en/squads/d7a486cd/Nantes-Stats;;;;;;;;";https://www.transfermarkt.com/fc-nantes/startseite/verein/995/saison_id/2024;https://www.capology.com/club/nantes/salaries/
13;256;bx0cdmzr2gwr70ez72dorx82p;NIC;nice;ogc_nice;ogc_nice_cote_dazur;Nice;OGC Nice;OGC Nice Côte d'Azur;"https://fbref.com/en/squads/132ebc33/Nice-Stats;;;;;;;;";https://www.transfermarkt.com/ogc-nizza/startseite/verein/417/saison_id/2024;https://www.capology.com/club/nice/salaries/
13;257;2b3mar72yy8d6uvat1ka6tn3r;PSG;paris_s-g;paris_saint-germain;paris_saint-germain_fc;Paris S-G;Paris Saint-Germain;Paris Saint-Germain FC;"https://fbref.com/en/squads/e2d8892c/Paris-Saint-Germain-Stats;;;;;;;;";https://www.transfermarkt.com/fc-paris-saint-germain/startseite/verein/583/saison_id/2024;https://www.capology.com/club/psg/salaries/
13;258;3c3jcs7vc1t6vz5lev162jyv7;SR;reims;stade_reims;stade_de_reims;Reims;Stade Reims;Stade de Reims;"https://fbref.com/en/squads/7fdd64e0/Reims-Stats;;;;;;;;";https://www.transfermarkt.com/stade-reims/startseite/verein/1421/saison_id/2024;https://www.capology.com/club/reims/salaries/
13;259;z1wbqtd0fz5t5eezjvrbld3h;REN;rennes;stade_rennais_fc;stade_rennais_fc;Rennes;Stade Rennais FC;Stade Rennais FC;"https://fbref.com/en/squads/b3072e00/Rennes-Stats;;;;;;;;";https://www.transfermarkt.com/fc-stade-rennes/startseite/verein/273/saison_id/2024;https://www.capology.com/club/rennes/salaries/
13;260;2sc9xfhu6tbru9hhlhr4a89zn;ASS;saint-etienne;as_saint-etienne;as_saint-etienne;Saint-Étienne;AS Saint-Étienne;AS Saint-Étienne;"https://fbref.com/en/squads/d298ef2c/Saint-Etienne-Stats;;;;;;;;";https://www.transfermarkt.com/as-saint-etienne/startseite/verein/618/saison_id/2024;https://www.capology.com/club/st-etienne/salaries/
13;261;71ajatxnuhc5cnm3xvgdky49w;STR;strasbourg;rc_strasbourg_alsace;rc_strasbourg_alsace;Strasbourg;RC Strasbourg Alsace;RC Strasbourg Alsace;"https://fbref.com/en/squads/c0d3eab4/Strasbourg-Stats;;;;;;;;";https://www.transfermarkt.com/rc-strassburg-alsace/startseite/verein/667/saison_id/2024;https://www.capology.com/club/strasbourg/salaries/
13;262;4aghw9tyi8ba3ju1ne83gmf9w;TFC;toulouse;fc_toulouse;toulouse_fc;Toulouse;FC Toulouse;Toulouse FC;"https://fbref.com/en/squads/3f8c4b5f/Toulouse-Stats;;;;;;;;";https://www.transfermarkt.com/fc-toulouse/startseite/verein/415/saison_id/2024;https://www.capology.com/club/toulouse/salaries/
